country,model,RMSE
Brazil,Moving Average,0.3733431956710628
Germany,Naive,8.553980920964147
Japan,ARIMA,1.5019424528773548
United States,ARIMA,0.6364467552134541
